iter	RMSE
0	0.8168418293
1	0.8151148062
2	0.8130574863
